{"cameraMode":{"drawMode":0,"name":"Shaded","section":"Shading Mode"},"sceneLighting":true,"audioPlay":false,"sceneViewState":{"m_AlwaysRefresh":false,"showFog":true,"showSkybox":true,"showFlares":true,"showImageEffects":true,"showParticleSystems":true,"showVisualEffectGraphs":true,"m_FxEnabled":true},"in2DMode":false,"pivot":{"x":3.6903622150421144,"y":0.8495258092880249,"z":-15.283403396606446},"rotation":{"x":0.00010682894935598597,"y":-0.9999056458473206,"z":0.013059422373771668,"w":0.007039801683276892},"size":7.828606128692627,"orthographic":false}