{"cameraMode":{"drawMode":0,"name":"Shaded","section":"Shading Mode"},"sceneLighting":true,"audioPlay":false,"sceneViewState":{"m_AlwaysRefresh":false,"showFog":true,"showSkybox":true,"showFlares":true,"showImageEffects":true,"showParticleSystems":true,"showVisualEffectGraphs":true,"m_FxEnabled":true},"in2DMode":false,"pivot":{"x":-2.074719190597534,"y":-6.941809177398682,"z":-18.494020462036134},"rotation":{"x":0.01210442092269659,"y":-0.9811130166053772,"z":0.18188819289207459,"w":0.06513072550296784},"size":12.124356269836426,"orthographic":false}